mes,faturamento,qtd_vendas,ticket_medio
2,50670,94,539.0425531914893
10,46380,84,552.1428571428571
9,42550,88,483.52272727272725
3,42190,92,458.5869565217391
6,38170,82,465.4878048780488
12,34420,83,414.69879518072287
4,34270,87,393.9080459770115
7,33560,70,479.42857142857144
8,30830,92,335.10869565217394
1,29850,66,452.27272727272725
11,28290,86,328.95348837209303
5,22910,76,301.44736842105266
