cidade,faturamento_total,qtd_vendas,ticket_medio
Ananindeua,81570,172,474.24418604651163
Marabá,82090,174,471.7816091954023
Manaus,85570,201,425.7213930348259
Santarém,96400,232,415.51724137931035
Belém,88460,221,400.27149321266967
